review,sentiment
This product is amazing and works perfectly,positive
I love how easy it is to use,positive
Great quality for the price,positive
Excellent service and fast delivery,positive
Best purchase I have made this year,positive
Highly recommend this to everyone,positive
The quality exceeded my expectations,positive
Very satisfied with my order,positive
"Fantastic product, will buy again",positive
"Works exactly as described, very happy",positive
"Terrible quality, broke after one day",negative
Very disappointed with this purchase,negative
"Waste of money, do not buy",negative
Poor customer service experience,negative
The product arrived damaged,negative
Not worth the price at all,negative
I regret buying this item,negative
"Completely useless, does not work",negative
Worst product I have ever bought,negative
"Awful experience, would not recommend",negative
"It is okay, nothing special",neutral
The product works as expected,neutral
"Average quality, could be better",neutral
"Delivery was on time, product is fine",neutral
"Not bad, but not great either",neutral
It does what it says,neutral
"Standard product, meets basic needs",neutral
Decent for the price,neutral
Nothing to complain about,neutral
Acceptable quality overall,neutral
